{
  "dataset_info": {
    "total_rows": 362361,
    "total_columns": 39,
    "memory_usage_mb": 107.81933212280273,
    "numeric_features": 39,
    "categorical_features": 0
  },
  "missing_values": {
    "total_missing": 38,
    "features_with_missing": 2,
    "missing_by_feature": {
      "Std": 19,
      "Variance": 19
    }
  },
  "numeric_stats": {
    "Header_Length": {
      "count": 362361.0,
      "mean": 26.701672391686213,
      "std": 6.983413476094567,
      "min": 0.0,
      "25%": 22.4,
      "50%": 28.0,
      "75%": 32.0,
      "max": 60.0
    },
    "Protocol Type": {
      "count": 362361.0,
      "mean": 7.107147292341063,
      "std": 3.3432235938141943,
      "min": 0.0,
      "25%": 6.0,
      "50%": 6.0,
      "75%": 6.0,
      "max": 17.0
    },
    "Time_To_Live": {
      "count": 362361.0,
      "mean": 108.50422166476714,
      "std": 48.37095284310079,
      "min": 0.0,
      "25%": 70.0,
      "50%": 93.5,
      "75%": 131.4,
      "max": 250.6
    },
    "Rate": {
      "count": 362361.0,
      "mean": Infinity,
      "std": NaN,
      "min": 7.697837897559738,
      "25%": 85.22028884211211,
      "50%": 161.00233386561848,
      "75%": 557.7235253443965,
      "max": Infinity
    },
    "fin_flag_number": {
      "count": 362361.0,
      "mean": 0.02280066515269807,
      "std": 0.05085451905895551,
      "min": 0.0,
      "25%": 0.0,
      "50%": 0.0,
      "75%": 0.0,
      "max": 0.9
    },
    "syn_flag_number": {
      "count": 362361.0,
      "mean": 0.025565184425616422,
      "std": 0.05208143153160603,
      "min": 0.0,
      "25%": 0.0,
      "50%": 0.0,
      "75%": 0.0,
      "max": 1.0
    },
    "rst_flag_number": {
      "count": 362361.0,
      "mean": 0.0019701347551198943,
      "std": 0.019887885393528818,
      "min": 0.0,
      "25%": 0.0,
      "50%": 0.0,
      "75%": 0.0,
      "max": 1.0
    },
    "psh_flag_number": {
      "count": 362361.0,
      "mean": 0.17302767502354385,
      "std": 0.1561556046829768,
      "min": 0.0,
      "25%": 0.1,
      "50%": 0.1,
      "75%": 0.3,
      "max": 1.0
    },
    "ack_flag_number": {
      "count": 362361.0,
      "mean": 0.769602380209896,
      "std": 0.24925267311877783,
      "min": 0.0,
      "25%": 0.6,
      "50%": 0.8888888888888888,
      "75%": 1.0,
      "max": 1.0
    },
    "ece_flag_number": {
      "count": 362361.0,
      "mean": 0.00033695679170771687,
      "std": 0.006159751345385506,
      "min": 0.0,
      "25%": 0.0,
      "50%": 0.0,
      "75%": 0.0,
      "max": 0.4
    },
    "cwr_flag_number": {
      "count": 362361.0,
      "mean": 0.0001920736503100499,
      "std": 0.004484285791330414,
      "min": 0.0,
      "25%": 0.0,
      "50%": 0.0,
      "75%": 0.0,
      "max": 0.4
    },
    "ack_count": {
      "count": 362361.0,
      "mean": 7.693946092432684,
      "std": 2.493382349379556,
      "min": 0.0,
      "25%": 6.0,
      "50%": 8.0,
      "75%": 10.0,
      "max": 10.0
    },
    "syn_count": {
      "count": 362361.0,
      "mean": 0.25563733403981115,
      "std": 0.5207647275047458,
      "min": 0.0,
      "25%": 0.0,
      "50%": 0.0,
      "75%": 0.0,
      "max": 10.0
    },
    "fin_count": {
      "count": 362361.0,
      "mean": 0.22798811130336874,
      "std": 0.5084911799502162,
      "min": 0.0,
      "25%": 0.0,
      "50%": 0.0,
      "75%": 0.0,
      "max": 9.0
    },
    "rst_count": {
      "count": 362361.0,
      "mean": 0.01970134755119894,
      "std": 0.19887885393466506,
      "min": 0.0,
      "25%": 0.0,
      "50%": 0.0,
      "75%": 0.0,
      "max": 10.0
    },
    "HTTP": {
      "count": 362361.0,
      "mean": 0.09946532864293053,
      "std": 0.23219861417771848,
      "min": 0.0,
      "25%": 0.0,
      "50%": 0.0,
      "75%": 0.1,
      "max": 1.0
    },
    "HTTPS": {
      "count": 362361.0,
      "mean": 0.6163650731886554,
      "std": 0.33294589559352517,
      "min": 0.0,
      "25%": 0.3,
      "50%": 0.7,
      "75%": 0.9,
      "max": 1.0
    },
    "DNS": {
      "count": 362361.0,
      "mean": 0.048955360792313454,
      "std": 0.09426678381001885,
      "min": 0.0,
      "25%": 0.0,
      "50%": 0.0,
      "75%": 0.1,
      "max": 1.0
    },
    "Telnet": {
      "count": 362361.0,
      "mean": 0.0,
      "std": 0.0,
      "min": 0.0,
      "25%": 0.0,
      "50%": 0.0,
      "75%": 0.0,
      "max": 0.0
    },
    "SMTP": {
      "count": 362361.0,
      "mean": 0.0,
      "std": 0.0,
      "min": 0.0,
      "25%": 0.0,
      "50%": 0.0,
      "75%": 0.0,
      "max": 0.0
    },
    "SSH": {
      "count": 362361.0,
      "mean": 0.0032415188168704685,
      "std": 0.02228480464204115,
      "min": 0.0,
      "25%": 0.0,
      "50%": 0.0,
      "75%": 0.0,
      "max": 0.5
    },
    "IRC": {
      "count": 362361.0,
      "mean": 8.941359583398878e-05,
      "std": 0.0029888776230413824,
      "min": 0.0,
      "25%": 0.0,
      "50%": 0.0,
      "75%": 0.0,
      "max": 0.1
    },
    "TCP": {
      "count": 362361.0,
      "mean": 0.7850747377987478,
      "std": 0.23926855679896425,
      "min": 0.0,
      "25%": 0.7,
      "50%": 0.9,
      "75%": 1.0,
      "max": 1.0
    },
    "UDP": {
      "count": 362361.0,
      "mean": 0.1782348101689173,
      "std": 0.2157212632151891,
      "min": 0.0,
      "25%": 0.0,
      "50%": 0.1,
      "75%": 0.3,
      "max": 1.0
    },
    "DHCP": {
      "count": 362361.0,
      "mean": 0.0016999621923992918,
      "std": 0.016074739137896744,
      "min": 0.0,
      "25%": 0.0,
      "50%": 0.0,
      "75%": 0.0,
      "max": 0.6
    },
    "ARP": {
      "count": 362361.0,
      "mean": 0.024432476417996382,
      "std": 0.05938183089104607,
      "min": 0.0,
      "25%": 0.0,
      "50%": 0.0,
      "75%": 0.0,
      "max": 1.0
    },
    "ICMP": {
      "count": 362361.0,
      "mean": 0.011934265281272822,
      "std": 0.03908851017392107,
      "min": 0.0,
      "25%": 0.0,
      "50%": 0.0,
      "75%": 0.0,
      "max": 0.7
    },
    "IGMP": {
      "count": 362361.0,
      "mean": 0.0003237103330656444,
      "std": 0.005795772898508802,
      "min": 0.0,
      "25%": 0.0,
      "50%": 0.0,
      "75%": 0.0,
      "max": 0.2
    },
    "IPv": {
      "count": 362361.0,
      "mean": 0.9755675235820036,
      "std": 0.05938183089107783,
      "min": 0.0,
      "25%": 1.0,
      "50%": 1.0,
      "75%": 1.0,
      "max": 1.0
    },
    "LLC": {
      "count": 362361.0,
      "mean": 0.9755675235820036,
      "std": 0.05938183089107783,
      "min": 0.0,
      "25%": 1.0,
      "50%": 1.0,
      "75%": 1.0,
      "max": 1.0
    },
    "Tot sum": {
      "count": 362361.0,
      "mean": 5475.835092628622,
      "std": 6380.254166986909,
      "min": 60.0,
      "25%": 994.0,
      "50%": 1728.0,
      "75%": 9188.0,
      "max": 94303.0
    },
    "Min": {
      "count": 362361.0,
      "mean": 118.12971318657361,
      "std": 271.1490359805285,
      "min": 60.0,
      "25%": 60.0,
      "50%": 66.0,
      "75%": 66.0,
      "max": 13583.0
    },
    "Max": {
      "count": 362361.0,
      "mean": 1518.4598756488695,
      "std": 1955.2905485848644,
      "min": 60.0,
      "25%": 230.0,
      "50%": 573.0,
      "75%": 2858.0,
      "max": 37714.0
    },
    "AVG": {
      "count": 362361.0,
      "mean": 547.9562893629317,
      "std": 638.8607041505136,
      "min": 60.0,
      "25%": 99.4,
      "50%": 172.8,
      "75%": 918.8,
      "max": 13583.0
    },
    "Std": {
      "count": 362342.0,
      "mean": 496.17546495694774,
      "std": 634.1570318157735,
      "min": 0.0,
      "25%": 56.577282445243775,
      "50%": 154.7129600259784,
      "75%": 762.428000243666,
      "max": 11655.404669079491
    },
    "Tot size": {
      "count": 362361.0,
      "mean": 547.9562893629317,
      "std": 638.8607041505136,
      "min": 60.0,
      "25%": 99.4,
      "50%": 172.8,
      "75%": 918.8,
      "max": 13583.0
    },
    "IAT": {
      "count": 362361.0,
      "mean": 0.00919866599846107,